"","X","ARIDavg","ARIDmax","ARIDmin","aridSD","NDVIavg","NDVImax","NDVImin","ndviSD","PETavg","PETmax","PETmin","petSD","PRECavg","PRECmax","PRECmin","precSD","SRADavg","SRADmax","SRADmin","sradSD","TAVGavg","tavgSD","TMAXavg","tmaxSD","TMINavg","tminSD","VAPRavg","VAPRmax","VAPRmin","vaprSD","ELEVavg","ELEVmax","ELEVmin","elevSD","WINDavg","WINDmax","WINDmin","windSD"
"Rana_longicrus","Rana_longicrus",1.84445280498928,2.58683753013611,1.04492509365082,0.456078395062137,195.922475270301,213.285714285714,164.984126984127,10.6418438532196,1303,1478,1118,89.4051379313549,2517.25,3360,1841,442.118934421399,182573.583333333,193126,174732,5942.54831091311,20.0648963815636,4.536732934395,23.083746271001,4.58574733260278,17.0461923629045,4.4909131593338,1.99989283995496,2.75635312994321,1.25110180179278,0.580440810670624,421.958333333333,1025,49,311.119923637266,3.21916327915258,3.55895292758942,2.92754377921422,0.183201504369262
"Rana_omeimontis","Rana_omeimontis",1.13188559049415,1.59526252746582,0.676743745803833,0.135867923530935,180.813123567039,225.299783289189,126.575246809535,29.2638934467343,1020.20948711775,1197,532,85.1055614297532,1155.89698996656,1591,666,186.936262101974,146864.161204013,160393,121700,7992.99534909803,14.6790007929413,7.4689494166574,18.4465695752873,7.79098275460979,10.9114188375821,7.15474674729086,1.42358803501645,2.43362761596374,0.634954731131477,0.652368077440347,904.36856187291,4414,179,700.369080325731,1.62231713776937,1.89131888976464,1.42659765916525,0.159205190477962
"Rana_japonica","Rana_japonica",1.5032769696954,2.72015643119812,0,0.432001036325812,191.451917238588,232.22471434617,132.305120609395,31.5318074007694,1076.10796221323,1448,761,131.732453419836,1757.65730994152,3006,1110,346.327714656062,156558.095906433,179780,140523,8756.36714944597,12.3762374012499,8.37125641338422,16.4570856224751,8.23312654637978,8.29540159634052,8.52366574557314,1.23900950996325,2.42021534415016,0.484687630962907,0.709341390857362,356.279532163743,1782,-1,299.565458497537,3.30366393346303,3.72638483911927,2.95910707161441,0.271729744273326
"Rana_tsushimensis","Rana_tsushimensis",0.747382788918912,1.17631888389587,0.0979937240481377,0.450521209538521,242.697463768116,251.5,232.25,5.11252498536244,1220.4,1251,1183,27.9338504327635,1900.5,2022,1779,171.826947828331,156473.5,156552,156395,111.015764646288,14.5615666309992,7.5546608371359,17.9744184215864,7.15497205473931,11.1495497453337,7.96328176165937,1.33354321618875,2.66164040565491,0.470858871936798,0.78928199628041,130,142,118,16.9705627484771,3.40007773041725,3.85029292106628,3.01858067512512,0.295594610264416
"Rana_coreana","Rana_coreana",1.07043415622039,1.4947874546051,0.0473312586545944,0.229629443454038,163.586899872539,229.355048859935,87.4078175895766,44.6821477579569,1069.21656483367,1355,850,85.2118998590795,1199.29357798165,1519,640,142.488950987558,163412.289908257,189855,151941,6676.64720535459,10.372641477757,9.96657200621017,15.4432625611214,9.64884123981488,5.30196015867449,10.3190411402872,1.08777635849169,2.34863005603125,0.298387673333151,0.752253126275065,266.882568807339,1075,7,216.126981688954,2.29217202134818,2.75792531398458,1.94802322322076,0.287110750455828
"Rana_amurensis","Rana_amurensis",0.642324203915294,1.57833123207092,0,0.196180646427023,126.033538477309,225.227454842536,42.301139288672,66.0573831233311,706.366677972882,1453,354,157.987285265401,446.714716162468,1101,186,143.909808367627,132689.118139086,183218,100242,17017.7441963512,-5.50914368379372,16.4601505526676,0.448464080121717,16.8245028722683,-11.4667511539698,16.1291102439407,0.47451115283108,1.29196243932538,0.0596432400204181,0.445038157106224,522.699963842353,2271,2,407.070048169262,2.19015750552992,2.73224308466615,1.85603907046274,0.288583622141483
"Rana_chensinensis","Rana_chensinensis",0.494507935431223,1.49824380874634,0,0.236980085090651,126.934647016692,205.267994523406,57.2570087364715,45.2257749497387,1202.9453560826,1810,716,216.636323519689,567.037720488467,1488,117,236.416857769975,174394.546087743,205388,141984,14878.3327342905,6.26898014352883,12.4444647643052,12.2218975468389,12.3629202954468,0.316057046929221,12.5436473153423,0.813628020428557,1.94805916632424,0.183153550381415,0.634004000636984,647.683491632745,2559,0,502.320294137884,2.75738382043162,3.60578394620896,2.27206302297326,0.417663060031219
"Rana_huanrensis","Rana_huanrensis",1.02783970228431,1.4947874546051,0.0473312586545944,0.209058787938206,162.027023486667,234.446960667461,79.2653953118792,50.2652836133709,997.790421612771,1248,728,113.843989790463,1070.21603563474,1519,586,207.565439007928,161717.44766147,175170,151371,5554.50039737884,7.75824909361562,10.7114807366257,13.1797082807788,10.3185157702868,2.33672776524367,11.1314083138513,0.955153714485865,2.12454773522167,0.235245284414902,0.696584246689744,487.396436525612,1942,7,420.745819285939,2.1912874921039,2.70203964004007,1.78567854983769,0.318350055251365
"Rana_kukunoris","Rana_kukunoris",0.50039383074699,1.59526252746582,0.00592500017955899,0.299640061917408,108.579367127091,164.084322384764,69.8353574385868,31.4767446488093,1152.54413793103,2234,532,338.215608476397,483.926707597851,1459,13,248.263505450635,177492.319263239,208850,124790,17890.4281533538,2.77642860964908,8.40154749035084,9.49658390161444,7.78191968257627,-3.94371821423954,9.02451997099697,0.495028814767033,1.01181453490431,0.14147887558048,0.321223859420825,3128.86415963162,5055,534,1132.15935713451,2.80286992841035,3.41807396120963,2.41925114610519,0.364355849621474
"Rana_ornativentris","Rana_ornativentris",1.53489568730248,3.07366251945496,0,0.461857220215815,191.36021513642,233.473125884017,130.190240452617,32.7623373357411,1062.09063670412,1448,728,131.180469196667,1752.80434782609,3057,1081,371.977836226552,156495.400197628,177964,139353,8873.55540670176,11.9181778645448,8.40400530893028,16.0252963453623,8.26387187536155,7.8110885695402,8.55831977572721,1.20902451768527,2.36972872424031,0.469795484581719,0.696016636588625,422.75790513834,2223,-1,362.016204924383,3.34722234709225,3.76953226799079,2.99170780417476,0.284758511521701
"Rana_pirica","Rana_pirica",1.1783870037167,2.53713750839233,0,0.360826158744845,161.143677158211,239.993044408775,68.4119850187266,62.7436622348018,709.809027777778,968,502,85.9018338588679,946.389955686854,1453,583,238.028300775283,143018.398818316,153075,136181,3245.94746434695,2.30136985530853,10.7107740239596,6.32509731284674,10.549311581,-1.72239417205788,10.878721379375,0.715708502422943,1.58153578872343,0.203761034418156,0.493890260012285,250.88035450517,1412,2,218.100627217744,3.57286945105714,3.95523889131701,2.98689071255209,0.346829228002367
"Rana_dybowskii","Rana_dybowskii",0.853262685597108,1.64397501945496,0.0473312586545944,0.206479303966335,130.735154656047,228.047026348808,47.4359347553325,67.6324926334376,726.212179703711,1251,374,137.22068453816,631.431706343929,2022,262,207.568530746513,143131.235669637,175170,120678,11331.5791438282,-4.10881686384681,16.2125419951036,2.1348194408778,16.3559882323666,-10.3524882065446,16.0956025481291,0.537456267048406,1.43144227991809,0.0639485230696381,0.499474604505613,565.957707141907,2175,2,366.7008149745,1.71835550578656,2.13521504887306,1.42730740154657,0.229870227735869
"Rana_sakuraii","Rana_sakuraii",1.74532656857708,2.61647510528564,0.729887425899506,0.370087954544316,190.593206328605,242.004264392324,107.245202558635,42.0754058522095,1024.61027837259,1221,728,96.2607005440727,1771.61764705882,2335,1081,295.679921967634,157521.741176471,167539,148972,4785.6336219338,9.80465700773151,8.63064652213233,14.3642102029631,8.46559834901169,5.24511957431449,8.81335016997308,1.06111725343793,2.08582711921019,0.406181566504871,0.620855112624087,910.129411764706,2223,146,415.70844323963,3.53349611770873,4.0719081584145,3.09774862457724,0.344433559385693
"Rana_tagoi","Rana_tagoi",1.52814042058117,3.07366251945496,0,0.465879234179502,192.093695022054,233.594086956522,131.895652173913,32.2629417828036,1064.01697416974,1448,728,132.135208249753,1758.47762645914,3227,1081,376.14922053678,156682.774319066,177964,139353,8869.43077443829,11.9871995162033,8.3868528282619,16.0855783405677,8.24519488695424,7.88885316819593,8.54256325388508,1.21457983067334,2.3768820957451,0.472761367922395,0.697661907286277,418.951361867704,2223,-1,361.182154531193,3.35319831619467,3.77107486256366,3.00043726268909,0.281187343700591
"Rana_sauteri","Rana_sauteri",2.41502025744898,4.06340599060059,1.40356874465942,0.538060195466244,223.443332290689,237.158273381295,200.956834532374,8.04962179417638,1176.69784172662,1467,866,145.176986172563,2795.41176470588,3808,2058,371.776878058364,183629.823529412,196808,174990,5933.42174029752,16.3621230211133,3.71436918275663,19.2750073086982,3.58129974842312,13.4491446203266,3.85094313825414,1.65498531059502,2.22995693075891,1.05079366529689,0.451434580297955,1306.56862745098,2551,268,640.765113123427,3.60360465232843,3.90511965751648,3.31657917359296,0.20112816796063
"Rana_pyrenaica","Rana_pyrenaica",0.872654409320266,1.17531251907349,0.522868752479553,0.161190034017521,157.759259259259,201.111111111111,81.5925925925926,31.5310620072596,1197.77777777778,1434,1076,88.5612926966548,1048.44444444444,1291,799,150.603877034351,171872.555555556,177866,165873,4015.73019857881,7.48708572738838,6.01840171210038,12.3652246079787,7.12134742699914,2.60978935169125,4.93614333391459,0.729841662501847,1.08021112283071,0.458511100875007,0.231125255967362,1477,2077,1075,355.68033400794,4.3064675838859,4.90630557801988,3.74833332167731,0.359497987736809
"Rana_temporaria","Rana_temporaria",0.920600971789056,6.47889995574951,0,0.424472690250053,158.307510145479,219.600357475252,70.1665750063457,45.7309219988329,750.73458290853,1478,301,164.226629149437,669.251270983213,3542,234,261.370771121612,119598.008273381,184876,85720,17544.232847582,3.81450752251978,9.23716814990669,8.0454981247596,9.9586187470183,-0.416477484972786,8.54154637963966,0.718648838309763,1.34683431510588,0.307568160768429,0.375048149031089,251.90964028777,2863,-5,278.66055579008,3.2289408162135,3.48231850067203,2.74198741728167,0.269185146223322
"Rana_arvalis","Rana_arvalis",0.749494127312809,2.36570620536804,0,0.236987368676772,140.357124097015,216.233363711882,50.6341831261946,53.7888850264991,758.861819070108,1668,322,168.452883002585,538.833771699106,1762,129,120.460938088661,123103.193695048,179311,93584,16313.9986676918,1.45090054020664,11.4890818487816,6.15856793555939,12.15975480382,-3.25676306751804,10.8443351501457,0.633297240724022,1.35231423938114,0.199641961463997,0.4090015178093,237.240117983016,3154,-5,327.679489130954,3.02184501517445,3.29967563250139,2.53928212369869,0.261810641319774
"Rana_iberica","Rana_iberica",0.947678419038796,1.6530749797821,0.213693767786026,0.337046053937177,185.419915259573,203.040834057341,167.807993049522,7.1811514495152,1224.10008857396,1737,948,174.988276430994,1156.18536585366,1797,351,328.350124389037,173039.985365854,203427,146125,16378.2152242339,12.2939045634938,4.98177192027737,16.9152146427127,5.78150913155916,7.67258862794038,4.19909548229687,1.0417666531857,1.39979631261128,0.752500565241023,0.24601100765122,616.334146341463,1590,38,343.571744079681,3.04205160494742,3.49034474303083,2.61911909115024,0.261099040927773
"Rana_dalmatina","Rana_dalmatina",0.769085168359009,2.82503128051758,0,0.290240519985829,175.235581546824,210.364572852283,113.600450385703,24.248535086465,1028.90555014606,1736,650,161.874061482591,781.860332225914,2334,153,228.23352753266,152091.904053156,196143,113896,17268.5104812621,10.1251337367341,6.79622523765357,14.7023063861283,7.68790149516633,5.54796444741643,5.91775044760758,0.980834048690722,1.51906135121057,0.55210319393497,0.371016329881197,417.275481727575,2624,-4,356.673040591733,2.81721840086503,3.21939793456828,2.461243188801,0.244795466695045
"Rana_latastei","Rana_latastei",0.922512063790103,2.6343686580658,0.108506247401237,0.344282013216505,161.213665660743,211.578406169666,108.285347043702,24.0515773870329,1043.11052631579,1155,885,41.000204578122,989.985507246377,2223,609,304.91992452506,152708.536231884,172289,140179,4768.77061566281,12.4652045303742,7.59524912796746,17.0854531178152,8.2062089751559,7.84488814391431,6.99943038641477,1.13617601614571,1.85993281136388,0.571194709643074,0.490152040085464,146.905797101449,901,-4,186.892837387842,1.38300856497985,1.84261093623396,1.0952792811221,0.249045733087923
"Rana_graeca","Rana_graeca",0.634313109508263,1.31483745574951,0,0.266783628543298,169.140994894012,205.394226967181,95.3187030446817,23.7235714660661,1215.87954267048,1666,841,156.77550384234,773.959694989107,1631,428,245.610221985235,172729.973856209,191695,156628,8663.55151834305,11.1797505320835,7.03432213733317,16.2464030051725,8.0059955848093,6.11307671539377,6.06826589592306,0.971268392041509,1.44252821958922,0.554731047426174,0.343339059764954,693.102396514161,2026,1,415.473348022258,2.43413742523459,2.79276426152726,2.18523038232249,0.202679454919995
"Rana_macrocnemis","Rana_macrocnemis",0.577525421545644,1.95592498779297,0.146925002336502,0.318168385391526,134.278070144928,183.11664,59.26608,28.2519458486792,1254.31196787149,2012,615,213.104846203272,686.672888888889,2129,232,288.338838122243,181119.782666667,215143,148944,18294.639430957,9.34997950016261,7.86906999385119,14.5039733857991,8.84828828100906,4.19599019153613,6.89590650212616,0.826139288641788,1.34867576230897,0.407081138193607,0.343471159956383,1120.16444444444,3431,-18,682.372996098944,2.25867627994219,2.47350089184443,1.99344293758604,0.147497297101721
"Rana_zhengi","Rana_zhengi",1.34749195547331,1.65585625171661,1.20271873474121,0.0935776610685581,195.304908557626,230.261904761905,139.345238095238,25.4629619083809,1133.39285714286,1285,954,55.4693050595244,1512.15625,1661,1209,92.5537714241765,159577.78125,170193,134529,7430.98077030679,16.2603483110045,7.3109986555534,20.1086158789694,7.40035239497243,12.4122044123748,7.22988614065755,1.5744623693948,2.59814532473683,0.692046096548438,0.713005539888494,702.6875,1529,248,260.385376614814,1.88331118567536,2.0652421861887,1.76946873217821,0.0851849240832504
"Rana_johnsi","Rana_johnsi",1.16256347858356,2.00800609588623,0.545406222343445,0.199396473670962,203.531789179459,229.40828004039,162.029619656681,19.2829391495761,1276.86938225888,1864,832,228.693235727353,1477.65375749193,3053,805,350.039716362741,175634.12724758,232831,121700,26689.5312550768,18.645136446237,5.24541572566489,22.8007485305034,5.0441849521759,14.489503998369,5.45986718731113,1.76130597449785,2.53202701714139,1.02247805469538,0.570597095955383,791.224066390041,1821,235,239.082157812705,1.6493220902179,1.87388749494152,1.4814329158331,0.128899073148101
"Rana_shuchinae","Rana_shuchinae",0.803812124069382,1.33391869068146,0.522449970245361,0.159601935248034,170.553857898095,213.352201257862,113.927672955975,26.1838835331347,1035.04402515723,1254,779,94.8831488505597,816.008403361345,1303,615,136.123852864278,168045.857142857,176538,139173,8762.49513192709,6.56686431949329,5.68319082436876,11.6470579327194,4.97626301716589,1.48678816767887,6.40495337766616,0.75192808104726,1.32248172138919,0.299698949173218,0.387517439261243,3216.17647058824,4497,1437,588.153943976028,2.38864740428804,2.93989075933184,1.97300419587047,0.319905323761921
